doi,http_status
10.48550/arxiv.2308.03688,200
10.48550/arxiv.2310.06770,200
10.48550/arxiv.2311.12983,200
10.18653/v1/2024.acl-long.850,200
10.52202/079017-1650,200
10.48550/arxiv.2410.07095,200
10.48550/arxiv.2502.13897,200
10.48550/arxiv.2401.13178,200
10.18653/v1/2024.acl-long.50,200
10.48550/arxiv.2309.15817,200
10.48550/arxiv.2308.07201,200
10.18653/v1/2024.findings-acl.624,200
10.3390/s25061666,403
10.18653/v1/2024.acl-long.747,200
